-- phpMyAdmin SQL Dump
-- version 5.2.1
-- https://www.phpmyadmin.net/
--
-- Host: 127.0.0.1
-- Generation Time: Feb 15, 2024 at 02:09 PM
-- Server version: 10.4.32-MariaDB
-- PHP Version: 8.2.12

SET SQL_MODE = "NO_AUTO_VALUE_ON_ZERO";
START TRANSACTION;
SET time_zone = "+00:00";


/*!40101 SET @OLD_CHARACTER_SET_CLIENT=@@CHARACTER_SET_CLIENT */;
/*!40101 SET @OLD_CHARACTER_SET_RESULTS=@@CHARACTER_SET_RESULTS */;
/*!40101 SET @OLD_COLLATION_CONNECTION=@@COLLATION_CONNECTION */;
/*!40101 SET NAMES utf8mb4 */;

--
-- Database: `gym`
--

-- --------------------------------------------------------

--
-- Table structure for table `administrator`
--

CREATE TABLE `administrator` (
  `adminid` decimal(38,0) NOT NULL,
  `username` varchar(50) DEFAULT NULL,
  `password` varchar(50) DEFAULT NULL,
  `first_name` varchar(50) DEFAULT NULL,
  `last_name` varchar(50) DEFAULT NULL,
  `email` varchar(50) DEFAULT NULL
) ENGINE=InnoDB DEFAULT CHARSET=utf8mb4 COLLATE=utf8mb4_general_ci;

--
-- Dumping data for table `administrator`
--

INSERT INTO `administrator` (`adminid`, `username`, `password`, `first_name`, `last_name`, `email`) VALUES
(1, 'admin1', 'pass123', 'Giannis', 'Papadopoulos', 'giannis@email.com');

-- --------------------------------------------------------

--
-- Table structure for table `announcement`
--

CREATE TABLE `announcement` (
  `announceid` decimal(38,0) NOT NULL,
  `title` varchar(50) NOT NULL,
  `description` varchar(200) NOT NULL,
  `date` datetime NOT NULL,
  `administrator_adminid` decimal(38,0) NOT NULL
) ENGINE=InnoDB DEFAULT CHARSET=utf8mb4 COLLATE=utf8mb4_general_ci;

--
-- Dumping data for table `announcement`
--

INSERT INTO `announcement` (`announceid`, `title`, `description`, `date`, `administrator_adminid`) VALUES
(1, 'New Cardio Fitness Program', 'Explore exciting possibilities in our new cardio fitness program! Join us now.', '2023-01-13 00:00:00', 1),
(2, 'Special Offer - March 2024', 'Enjoy discounts throughout March! Take advantage of our exclusive promotion.', '2023-03-01 00:00:00', 1),
(3, 'New Group Pilates Classes', 'Participate in our latest Pilates classes! Strengthen your core and improve flexibility.', '2023-04-15 00:00:00', 1),
(4, 'Discounted Registration Card', 'Special discount for new members! Join our fitness community at a reduced rate.', '2023-06-10 00:00:00', 1),
(5, 'Summer Subscription Offer', 'Embrace the summer with discounted subscription rates! Stay fit and save.', '2023-07-20 00:00:00', 1),
(6, 'New Submissive Training Programs', 'Evolve with our innovative training programs! Achieve your fitness goals effectively.', '2023-09-05 00:00:00', 1),
(7, 'Special Weight Training Offer', 'Gain discounts on weight training! Elevate your strength and fitness journey.', '2023-10-12 00:00:00', 1),
(8, 'New Beginners Pilates Program', 'Discover the fundamentals of Pilates! Join our beginner-friendly classes now.', '2023-11-25 00:00:00', 1),
(9, 'Holiday Offer - December', 'Gifts and discounts for everyone! Celebrate the season with special offers.', '2023-12-05 00:00:00', 1),
(10, 'Personalized Training Program', 'Get personalized training for members! Achieve fitness goals with tailored guidance.', '2024-01-10 00:00:00', 1);

-- --------------------------------------------------------

--
-- Table structure for table `discount`
--

CREATE TABLE `discount` (
  `discountid` decimal(38,0) NOT NULL,
  `title` varchar(50) NOT NULL,
  `description` varchar(200) NOT NULL,
  `announcement_announceid` decimal(38,0) DEFAULT NULL,
  `program_programid` decimal(38,0) NOT NULL
) ENGINE=InnoDB DEFAULT CHARSET=utf8mb4 COLLATE=utf8mb4_general_ci;

--
-- Dumping data for table `discount`
--

INSERT INTO `discount` (`discountid`, `title`, `description`, `announcement_announceid`, `program_programid`) VALUES
(1, 'Registration Discount with a Friend', 'Save more when you and your friend join together! Special offer for new members.', 4, 1),
(2, 'Special Discount for Students', 'Student-friendly prices for all college students! Enjoy exclusive discounts on our programs.', 7, 2),
(3, 'Summer Subscription Discount', 'Special pricing for summer subscriptions! Stay fit during the summer months at a discounted rate.', 5, 3),
(4, 'Holiday Offer - November', 'Enjoy a discount for your holiday breaks! Save on your fitness journey this November.', 9, 4);

-- --------------------------------------------------------

--
-- Table structure for table `program`
--

CREATE TABLE `program` (
  `programid` decimal(38,0) NOT NULL,
  `title` varchar(50) NOT NULL,
  `description` varchar(200) NOT NULL,
  `max_capacity` varchar(10) NOT NULL
) ENGINE=InnoDB DEFAULT CHARSET=utf8mb4 COLLATE=utf8mb4_general_ci;

--
-- Dumping data for table `program`
--

INSERT INTO `program` (`programid`, `title`, `description`, `max_capacity`) VALUES
(1, 'Cardio Fitness Program', 'Program focused on enhancing cardiovascular health through various exercises.', '30'),
(2, 'Weight Training', 'Strength training program using free weights to strengthen the body.', '25'),
(3, 'Pilates for Beginners', 'Body conditioning and flexibility improvement through Pilates exercises.', '20'),
(4, 'Submission Training', 'Advanced training for muscle mass gain and overall strength improvement.', '15'),
(5, 'Aerobic Exercise', 'Program aimed at improving endurance through aerobic exercises.', '1'),
(6, 'Circuit Training', 'Diverse exercises for comprehensive body strengthening and conditioning.', '1'),
(7, 'Stretching Class', 'Exercise for flexibility and relaxation through stretching techniques.', '1'),
(8, 'Personal Training', 'Customized training program with a personal trainer for individual fitness goals.', '1');

-- --------------------------------------------------------

--
-- Table structure for table `request`
--

CREATE TABLE `request` (
  `requestid` decimal(38,0) NOT NULL,
  `username` varchar(6) NOT NULL,
  `first_name` varchar(50) NOT NULL,
  `last_name` varchar(50) NOT NULL,
  `country` varchar(50) NOT NULL,
  `town` varchar(50) NOT NULL,
  `address` varchar(50) NOT NULL,
  `email` varchar(50) NOT NULL,
  `password` varchar(50) NOT NULL,
  `approval` double DEFAULT NULL,
  `administrator_adminid` decimal(38,0) NOT NULL
) ENGINE=InnoDB DEFAULT CHARSET=utf8mb4 COLLATE=utf8mb4_general_ci;

--
-- Dumping data for table `request`
--

INSERT INTO `request` (`requestid`, `username`, `first_name`, `last_name`, `country`, `town`, `address`, `email`, `password`, `approval`, `administrator_adminid`) VALUES
(1, 'User1', 'Nikolaos', 'Papadopoulos', 'Greece', 'Athens', 'University 12', 'nikos@gmail.com', 'Pass1', 1, 1),
(2, 'User2', 'Maria', 'Karamanli', 'Greece', 'Athens', 'National Defense 45', 'maria@gmail.com', 'Pass2', 1, 1),
(3, 'User3', 'Alexandros', 'Georgiou', 'Greece', 'Athens', 'Kapodistriou Avenue 22', 'alexandros@gmail.com', 'Pass3', 1, 1),
(4, 'User4', 'Eleni', 'Papadopoulou', 'Greece', 'Athens', 'Knossou 15', 'eleni@gmail.com', 'Pass4', 1, 1),
(5, 'User5', 'Giorgos', 'Papadopoulos', 'Greece', 'Athens', 'Mesogeias 7', 'giorgos@gmail.com', 'Pass5', 1, 1),
(6, 'User6', 'Aikaterini', 'Konstantinou', 'Greece', 'Athens', 'Agias Zonis 18', 'aikaterini@gmail.com', 'Pass6', 1, 1),
(7, 'User7', 'Maria', 'Karagianni', 'Greece', 'Athens', 'Aristotelous Street 45', 'maria@example.com', 'Pass7', NULL, 1),
(8, 'User8', 'Dimitris', 'Stavropoulos', 'Greece', 'Athens', 'Athinas Street 56', 'dimitris@example.com', 'Pass8', NULL, 1),
(9, 'User9', 'Giorgos', 'Andreou', 'Greece', 'Athens', 'Georgiou Square 67', 'giorgos@example.com', 'Pass9', NULL, 1);

-- --------------------------------------------------------

--
-- Table structure for table `reservation`
--

CREATE TABLE `reservation` (
  `reservid` decimal(38,0) NOT NULL,
  `date` datetime NOT NULL,
  `cancellation` double DEFAULT NULL,
  `user_userid` decimal(38,0) DEFAULT NULL,
  `schedule_scheduleid` decimal(38,0) DEFAULT NULL
) ENGINE=InnoDB DEFAULT CHARSET=utf8mb4 COLLATE=utf8mb4_general_ci;

--
-- Dumping data for table `reservation`
--

INSERT INTO `reservation` (`reservid`, `date`, `cancellation`, `user_userid`, `schedule_scheduleid`) VALUES
(1, '2024-01-10 10:00:00', NULL, 1, 13),
(2, '2024-01-11 14:30:00', 1, 3, 12),
(3, '2024-01-12 18:45:00', NULL, 5, 15),
(4, '2024-01-13 12:00:00', 1, 3, 18),
(5, '2024-01-14 09:30:00', 1, 2, 17),
(6, '2024-01-14 16:15:00', 1, 4, 20),
(7, '2024-01-14 11:30:00', 1, 1, 7),
(8, '2024-01-14 17:00:00', NULL, 3, 6),
(9, '2024-01-14 15:45:00', NULL, 5, 1),
(10, '2024-01-14 08:30:00', 1, 1, 5),
(11, '2024-01-14 13:45:00', 1, 2, 8),
(12, '2024-01-14 19:15:00', 1, 4, 4),
(13, '2023-12-01 10:30:00', NULL, 2, 10),
(14, '2023-12-02 14:00:00', NULL, 4, 19),
(15, '2023-12-03 16:45:00', 1, 6, 3),
(16, '2023-12-04 12:30:00', NULL, 2, 15),
(17, '2023-12-05 09:00:00', NULL, 5, 8),
(18, '2023-12-06 16:15:00', NULL, 1, 14),
(19, '2023-12-07 11:30:00', NULL, 3, 5),
(20, '2023-12-08 17:30:00', 1, 5, 7),
(21, '2023-12-09 15:15:00', NULL, 1, 2),
(22, '2023-12-10 08:30:00', NULL, 4, 16),
(23, '2023-12-11 13:45:00', NULL, 6, 12),
(25, '2023-12-13 10:00:00', NULL, 1, 20),
(27, '2023-12-15 18:45:00', NULL, 2, 11),
(28, '2023-12-16 12:00:00', NULL, 4, 9),
(29, '2023-12-17 09:30:00', NULL, 3, 4),
(31, '2023-12-19 11:30:00', NULL, 6, 6),
(32, '2023-12-20 17:00:00', NULL, 1, 17),
(33, '2023-12-21 15:45:00', NULL, 3, 20),
(34, '2023-12-22 08:30:00', NULL, 2, 25),
(35, '2023-12-23 13:45:00', NULL, 5, 30),
(36, '2023-12-24 19:15:00', 1, 1, 35),
(37, '2023-12-25 10:00:00', NULL, 4, 40),
(38, '2023-12-26 14:30:00', NULL, 6, 45),
(39, '2023-12-27 18:45:00', NULL, 3, 50),
(40, '2023-12-28 12:00:00', NULL, 1, 55),
(41, '2023-12-29 09:30:00', NULL, 2, 60),
(42, '2023-12-30 16:15:00', NULL, 5, 65),
(43, '2023-12-31 11:30:00', NULL, 4, 70),
(44, '2024-01-01 17:00:00', 1, 6, 75),
(45, '2024-01-02 15:45:00', NULL, 1, 80),
(46, '2024-01-03 08:30:00', NULL, 3, 23),
(47, '2024-01-04 13:45:00', NULL, 5, 28),
(48, '2024-01-05 19:15:00', NULL, 2, 33),
(49, '2024-01-06 10:00:00', NULL, 4, 38),
(50, '2024-01-07 14:30:00', NULL, 6, 43),
(51, '2024-01-08 18:45:00', NULL, 1, 48),
(52, '2024-01-09 12:00:00', NULL, 3, 53),
(53, '2024-01-10 09:30:00', NULL, 5, 58),
(54, '2024-01-11 16:15:00', 1, 2, 63),
(55, '2024-01-12 11:30:00', NULL, 4, 68),
(56, '2024-01-13 17:00:00', NULL, 6, 73),
(57, '2024-01-14 15:45:00', NULL, 1, 78),
(58, '2024-01-15 08:30:00', NULL, 3, 21),
(59, '2024-01-16 13:45:00', NULL, 5, 26),
(60, '2024-01-17 19:15:00', 1, 2, 31),
(61, '2024-01-18 10:00:00', NULL, 4, 36),
(62, '2024-01-19 14:30:00', NULL, 6, 41),
(64, '2024-01-02 14:30:00', NULL, 6, 25),
(65, '2024-01-03 18:45:00', NULL, 2, 30),
(66, '2024-01-15 18:45:00', NULL, 2, 28),
(67, '2024-01-04 12:00:00', NULL, 5, 35),
(68, '2024-01-05 09:30:00', NULL, 1, 40),
(69, '2024-01-06 16:15:00', NULL, 3, 45),
(70, '2024-01-07 11:30:00', NULL, 5, 50),
(72, '2024-01-09 15:45:00', NULL, 4, 60),
(73, '2024-01-10 08:30:00', NULL, 6, 65),
(74, '2024-01-11 13:45:00', NULL, 2, 70),
(75, '2024-01-12 19:15:00', NULL, 1, 75),
(76, '2024-01-13 10:00:00', NULL, 3, 80),
(77, '2024-01-14 14:30:00', NULL, 5, 23),
(78, '2024-01-16 12:00:00', NULL, 4, 33),
(79, '2024-02-03 23:02:03', NULL, 1, 49),
(80, '2024-02-03 23:09:27', NULL, 1, 62),
(81, '2024-02-03 23:28:56', NULL, 1, 4),
(82, '2024-02-04 17:50:17', NULL, 1, 41),
(83, '2024-01-10 10:00:00', NULL, 4, 26),
(84, '2024-01-11 14:30:00', 1, 6, 24),
(86, '2024-01-13 12:00:00', 1, 6, 36),
(87, '2024-01-14 09:30:00', 1, 5, 34),
(89, '2024-01-14 11:30:00', 1, 4, 14),
(91, '2024-01-14 15:45:00', NULL, 2, 2),
(92, '2024-01-14 08:30:00', 1, 4, 10),
(93, '2024-01-14 13:45:00', 1, 5, 16),
(94, '2024-01-14 19:15:00', 1, 1, 8),
(95, '2023-12-01 10:30:00', NULL, 5, 20),
(96, '2023-12-02 14:00:00', NULL, 1, 38),
(99, '2023-12-05 09:00:00', NULL, 2, 16),
(100, '2023-12-06 16:15:00', NULL, 4, 28),
(101, '2023-12-07 11:30:00', NULL, 6, 10),
(102, '2023-12-08 17:30:00', 1, 2, 14),
(104, '2023-12-10 08:30:00', NULL, 1, 32),
(105, '2023-12-11 13:45:00', NULL, 3, 24),
(109, '2023-12-15 18:45:00', NULL, 5, 22),
(110, '2023-12-16 12:00:00', NULL, 1, 18),
(111, '2023-12-17 09:30:00', NULL, 6, 8),
(114, '2023-12-20 17:00:00', NULL, 4, 34),
(115, '2023-12-21 15:45:00', NULL, 6, 40),
(120, '2023-12-26 14:30:00', NULL, 3, 90),
(121, '2023-12-27 18:45:00', NULL, 6, 100),
(122, '2023-12-28 12:00:00', NULL, 4, 110),
(123, '2023-12-29 09:30:00', NULL, 5, 120),
(124, '2023-12-30 16:15:00', NULL, 2, 130),
(125, '2023-12-31 11:30:00', NULL, 1, 140),
(126, '2024-01-01 17:00:00', 1, 3, 150),
(127, '2024-01-02 15:45:00', NULL, 4, 160),
(128, '2024-01-03 08:30:00', NULL, 6, 46),
(129, '2024-01-04 13:45:00', NULL, 2, 56),
(130, '2024-01-05 19:15:00', NULL, 5, 66),
(131, '2024-01-06 10:00:00', NULL, 1, 76),
(132, '2024-01-07 14:30:00', NULL, 3, 86),
(133, '2024-01-08 18:45:00', NULL, 4, 96),
(134, '2024-01-09 12:00:00', NULL, 6, 106),
(135, '2024-01-10 09:30:00', NULL, 2, 116),
(136, '2024-01-11 16:15:00', 1, 5, 126),
(137, '2024-01-12 11:30:00', NULL, 1, 136),
(138, '2024-01-13 17:00:00', NULL, 3, 146),
(139, '2024-01-14 15:45:00', NULL, 4, 156),
(140, '2024-01-15 08:30:00', NULL, 6, 42),
(141, '2024-01-16 13:45:00', NULL, 2, 52),
(142, '2024-01-17 19:15:00', 1, 5, 62),
(203, '2024-01-18 10:00:00', NULL, 1, 72),
(204, '2024-01-19 14:30:00', NULL, 3, 82),
(207, '2024-01-03 18:45:00', NULL, 5, 60),
(208, '2024-01-15 18:45:00', NULL, 5, 56),
(210, '2024-01-05 09:30:00', NULL, 4, 80),
(211, '2024-01-06 16:15:00', NULL, 6, 90),
(212, '2024-01-07 11:30:00', NULL, 2, 100),
(214, '2024-01-09 15:45:00', NULL, 1, 120),
(215, '2024-01-10 08:30:00', NULL, 3, 130),
(216, '2024-01-11 13:45:00', NULL, 5, 140),
(217, '2024-01-12 19:15:00', NULL, 4, 150),
(218, '2024-01-13 10:00:00', NULL, 6, 160),
(219, '2024-01-14 14:30:00', NULL, 2, 46),
(220, '2024-01-16 12:00:00', NULL, 1, 66),
(221, '2024-02-03 23:02:03', NULL, 4, 98),
(222, '2024-02-03 23:09:27', NULL, 4, 124),
(223, '2024-02-03 23:28:56', NULL, 4, 8),
(224, '2024-02-04 17:50:17', NULL, 4, 82),
(225, '2024-01-10 10:00:00', NULL, 1, 52),
(226, '2024-01-11 14:30:00', 1, 3, 48),
(228, '2024-01-13 12:00:00', 1, 3, 72),
(229, '2024-01-14 09:30:00', 1, 2, 68),
(231, '2024-01-14 11:30:00', 1, 1, 28),
(233, '2024-01-14 15:45:00', NULL, 5, 4),
(235, '2024-01-14 13:45:00', 1, 2, 32),
(237, '2023-12-01 10:30:00', NULL, 2, 40),
(238, '2023-12-02 14:00:00', NULL, 4, 76),
(241, '2023-12-05 09:00:00', NULL, 5, 32),
(242, '2023-12-06 16:15:00', NULL, 1, 56),
(463, '2024-01-10 10:00:00', NULL, 4, 13),
(466, '2024-01-13 12:00:00', 1, 6, 18),
(467, '2024-01-14 09:30:00', 1, 5, 17),
(469, '2024-01-14 11:30:00', 1, 4, 7),
(471, '2024-01-14 15:45:00', NULL, 2, 1),
(472, '2024-01-14 08:30:00', 1, 4, 5),
(475, '2023-12-01 10:30:00', NULL, 5, 10),
(476, '2023-12-02 14:00:00', NULL, 1, 19),
(477, '2023-12-03 16:45:00', 1, 3, 3),
(481, '2023-12-07 11:30:00', NULL, 6, 5),
(482, '2023-12-08 17:30:00', 1, 2, 7),
(483, '2023-12-09 15:15:00', NULL, 4, 2),
(484, '2023-12-10 08:30:00', NULL, 1, 16),
(489, '2023-12-15 18:45:00', NULL, 5, 11),
(490, '2023-12-16 12:00:00', NULL, 1, 9),
(491, '2023-12-17 09:30:00', NULL, 6, 4),
(494, '2023-12-20 17:00:00', NULL, 4, 17),
(495, '2023-12-21 15:45:00', NULL, 6, 20),
(496, '2023-12-22 08:30:00', NULL, 5, 25),
(498, '2023-12-24 19:15:00', 1, 4, 35),
(501, '2023-12-27 18:45:00', NULL, 6, 50),
(502, '2023-12-28 12:00:00', NULL, 4, 55),
(504, '2023-12-30 16:15:00', NULL, 2, 65),
(505, '2023-12-31 11:30:00', NULL, 1, 70),
(506, '2024-01-01 17:00:00', 1, 3, 75),
(508, '2024-01-03 08:30:00', NULL, 6, 23),
(510, '2024-01-05 19:15:00', NULL, 5, 33),
(512, '2024-01-07 14:30:00', NULL, 3, 43),
(513, '2024-01-08 18:45:00', NULL, 4, 48),
(514, '2024-01-09 12:00:00', NULL, 6, 53),
(515, '2024-01-10 09:30:00', NULL, 2, 58),
(516, '2024-01-11 16:15:00', 1, 5, 63),
(517, '2024-01-12 11:30:00', NULL, 1, 68),
(518, '2024-01-13 17:00:00', NULL, 3, 73),
(519, '2024-01-14 15:45:00', NULL, 4, 78),
(520, '2024-01-15 08:30:00', NULL, 6, 21),
(521, '2024-01-16 13:45:00', NULL, 2, 26),
(522, '2024-01-17 19:15:00', 1, 5, 31),
(523, '2024-01-18 10:00:00', NULL, 1, 36),
(524, '2024-01-19 14:30:00', NULL, 3, 41);

-- --------------------------------------------------------

--
-- Table structure for table `schedule`
--

CREATE TABLE `schedule` (
  `scheduleid` decimal(38,0) NOT NULL,
  `day` date NOT NULL,
  `time` time NOT NULL,
  `trainer_trainerid` varchar(10) NOT NULL
) ENGINE=InnoDB DEFAULT CHARSET=utf8mb4 COLLATE=utf8mb4_general_ci;

--
-- Dumping data for table `schedule`
--

INSERT INTO `schedule` (`scheduleid`, `day`, `time`, `trainer_trainerid`) VALUES
(1, '2024-02-16', '08:00:00', '3'),
(2, '2024-02-16', '10:00:00', '1'),
(3, '2024-02-16', '12:00:00', '5'),
(4, '2024-02-16', '14:00:00', '4'),
(5, '2024-02-16', '16:00:00', '8'),
(6, '2024-02-16', '18:00:00', '7'),
(7, '2024-02-16', '20:00:00', '9'),
(8, '2024-02-16', '22:00:00', '6'),
(9, '2024-02-17', '08:00:00', '4'),
(10, '2024-02-17', '10:00:00', '2'),
(11, '2024-02-17', '12:00:00', '3'),
(12, '2024-02-17', '14:00:00', '5'),
(13, '2024-02-17', '16:00:00', '9'),
(14, '2024-02-17', '18:00:00', '6'),
(15, '2024-02-17', '20:00:00', '8'),
(16, '2024-02-17', '22:00:00', '7'),
(17, '2024-02-19', '08:00:00', '1'),
(18, '2024-02-19', '10:00:00', '4'),
(19, '2024-02-19', '12:00:00', '2'),
(20, '2024-02-19', '14:00:00', '5'),
(21, '2024-02-19', '16:00:00', '6'),
(22, '2024-02-19', '18:00:00', '9'),
(23, '2024-02-19', '20:00:00', '7'),
(24, '2024-02-19', '22:00:00', '8'),
(25, '2024-02-20', '08:00:00', '2'),
(26, '2024-02-20', '10:00:00', '3'),
(27, '2024-02-20', '12:00:00', '5'),
(28, '2024-02-20', '14:00:00', '1'),
(29, '2024-02-20', '16:00:00', '8'),
(30, '2024-02-20', '18:00:00', '9'),
(31, '2024-02-20', '20:00:00', '6'),
(32, '2024-02-20', '22:00:00', '7'),
(33, '2024-02-21', '08:00:00', '4'),
(34, '2024-02-21', '10:00:00', '2'),
(35, '2024-02-21', '12:00:00', '3'),
(36, '2024-02-21', '14:00:00', '5'),
(37, '2024-02-21', '16:00:00', '10'),
(38, '2024-02-21', '18:00:00', '8'),
(39, '2024-02-21', '20:00:00', '7'),
(40, '2024-02-21', '22:00:00', '9'),
(41, '2024-02-22', '08:00:00', '5'),
(42, '2024-02-22', '10:00:00', '1'),
(43, '2024-02-22', '12:00:00', '4'),
(44, '2024-02-22', '14:00:00', '2'),
(45, '2024-02-22', '16:00:00', '6'),
(46, '2024-02-22', '18:00:00', '7'),
(47, '2024-02-22', '20:00:00', '8'),
(48, '2024-02-22', '22:00:00', '9'),
(49, '2024-02-23', '08:00:00', '3'),
(50, '2024-02-23', '10:00:00', '4'),
(51, '2024-02-23', '12:00:00', '5'),
(52, '2024-02-23', '14:00:00', '1'),
(53, '2024-02-23', '16:00:00', '8'),
(54, '2024-02-23', '18:00:00', '9'),
(55, '2024-02-23', '20:00:00', '6'),
(56, '2024-02-23', '22:00:00', '7'),
(57, '2024-02-24', '08:00:00', '4'),
(58, '2024-02-24', '10:00:00', '2'),
(59, '2024-02-24', '12:00:00', '3'),
(60, '2024-02-24', '14:00:00', '5'),
(61, '2024-02-24', '16:00:00', '10'),
(62, '2024-02-24', '18:00:00', '8'),
(63, '2024-02-24', '20:00:00', '7'),
(64, '2024-02-24', '22:00:00', '9'),
(65, '2024-02-26', '08:00:00', '3'),
(66, '2024-02-26', '10:00:00', '4'),
(67, '2024-02-26', '12:00:00', '5'),
(68, '2024-02-26', '14:00:00', '1'),
(69, '2024-02-26', '16:00:00', '8'),
(70, '2024-02-26', '18:00:00', '9'),
(71, '2024-02-26', '20:00:00', '6'),
(72, '2024-02-26', '22:00:00', '7'),
(73, '2024-02-27', '08:00:00', '4'),
(74, '2024-02-27', '10:00:00', '2'),
(75, '2024-02-27', '12:00:00', '3'),
(76, '2024-02-27', '14:00:00', '5'),
(77, '2024-02-27', '16:00:00', '10'),
(78, '2024-02-27', '18:00:00', '8'),
(79, '2024-02-27', '20:00:00', '7'),
(80, '2024-02-27', '22:00:00', '9'),
(81, '2024-02-28', '08:00:00', '5'),
(82, '2024-02-28', '10:00:00', '1'),
(83, '2024-02-28', '12:00:00', '4'),
(84, '2024-02-28', '14:00:00', '2'),
(85, '2024-02-28', '16:00:00', '6'),
(86, '2024-02-28', '18:00:00', '7'),
(87, '2024-02-28', '20:00:00', '8'),
(88, '2024-02-28', '22:00:00', '9'),
(89, '2024-02-29', '08:00:00', '3'),
(90, '2024-02-29', '10:00:00', '4'),
(91, '2024-02-29', '12:00:00', '5'),
(92, '2024-02-29', '14:00:00', '1'),
(93, '2024-02-29', '16:00:00', '8'),
(94, '2024-02-29', '18:00:00', '9'),
(95, '2024-02-29', '20:00:00', '6'),
(96, '2024-02-29', '22:00:00', '7'),
(97, '2024-03-01', '08:00:00', '2'),
(98, '2024-03-01', '10:00:00', '4'),
(99, '2024-03-01', '12:00:00', '5'),
(100, '2024-03-01', '14:00:00', '1'),
(101, '2024-03-01', '16:00:00', '8'),
(102, '2024-03-01', '18:00:00', '9'),
(103, '2024-03-01', '20:00:00', '6'),
(104, '2024-03-01', '22:00:00', '10'),
(105, '2024-03-08', '08:00:00', '3'),
(106, '2024-03-08', '10:00:00', '1'),
(107, '2024-03-08', '12:00:00', '5'),
(108, '2024-03-08', '14:00:00', '4'),
(109, '2024-03-08', '16:00:00', '8'),
(110, '2024-03-08', '18:00:00', '7'),
(111, '2024-03-08', '20:00:00', '9'),
(112, '2024-03-08', '22:00:00', '6'),
(113, '2024-03-09', '08:00:00', '4'),
(114, '2024-03-09', '10:00:00', '2'),
(115, '2024-03-09', '12:00:00', '3'),
(116, '2024-03-09', '14:00:00', '5'),
(117, '2024-03-09', '16:00:00', '9'),
(118, '2024-03-09', '18:00:00', '6'),
(119, '2024-03-09', '20:00:00', '8'),
(120, '2024-03-09', '22:00:00', '7'),
(121, '2024-03-10', '08:00:00', '1'),
(122, '2024-03-10', '10:00:00', '4'),
(123, '2024-03-10', '12:00:00', '2'),
(124, '2024-03-10', '14:00:00', '5'),
(125, '2024-03-10', '16:00:00', '6'),
(126, '2024-03-10', '18:00:00', '9'),
(127, '2024-03-10', '20:00:00', '7'),
(128, '2024-03-10', '22:00:00', '8'),
(129, '2024-03-05', '08:00:00', '2'),
(130, '2024-03-05', '10:00:00', '3'),
(131, '2024-03-05', '12:00:00', '5'),
(132, '2024-03-05', '14:00:00', '1'),
(133, '2024-03-05', '16:00:00', '8'),
(134, '2024-03-05', '18:00:00', '9'),
(135, '2024-03-05', '20:00:00', '6'),
(136, '2024-03-05', '22:00:00', '7'),
(137, '2024-03-12', '08:00:00', '4'),
(138, '2024-03-12', '10:00:00', '2'),
(139, '2024-03-12', '12:00:00', '3'),
(140, '2024-03-12', '14:00:00', '5'),
(141, '2024-03-12', '16:00:00', '10'),
(142, '2024-03-12', '18:00:00', '8'),
(143, '2024-03-12', '20:00:00', '7'),
(144, '2024-03-12', '22:00:00', '9'),
(145, '2024-03-13', '08:00:00', '5'),
(146, '2024-03-13', '10:00:00', '1'),
(147, '2024-03-13', '12:00:00', '4'),
(148, '2024-03-13', '14:00:00', '2'),
(149, '2024-03-13', '16:00:00', '6'),
(150, '2024-03-13', '18:00:00', '7'),
(151, '2024-03-13', '20:00:00', '8'),
(152, '2024-03-13', '22:00:00', '9'),
(153, '2024-03-14', '08:00:00', '3'),
(154, '2024-03-14', '10:00:00', '4'),
(155, '2024-03-14', '12:00:00', '5'),
(156, '2024-03-14', '14:00:00', '1'),
(157, '2024-03-14', '16:00:00', '8'),
(158, '2024-03-14', '18:00:00', '9'),
(159, '2024-03-14', '20:00:00', '6'),
(160, '2024-03-14', '22:00:00', '7'),
(161, '2024-03-15', '08:00:00', '4'),
(162, '2024-03-15', '10:00:00', '2'),
(163, '2024-03-15', '12:00:00', '3'),
(164, '2024-03-15', '14:00:00', '5'),
(165, '2024-03-15', '16:00:00', '10'),
(166, '2024-03-15', '18:00:00', '8'),
(167, '2024-03-15', '20:00:00', '7'),
(168, '2024-03-15', '22:00:00', '9'),
(169, '2024-03-16', '08:00:00', '5'),
(170, '2024-03-16', '10:00:00', '1'),
(171, '2024-03-16', '12:00:00', '4'),
(172, '2024-03-16', '14:00:00', '2'),
(173, '2024-03-16', '16:00:00', '6'),
(174, '2024-03-16', '18:00:00', '7'),
(175, '2024-03-16', '20:00:00', '8'),
(176, '2024-03-16', '22:00:00', '9'),
(185, '2024-03-06', '08:00:00', '4'),
(186, '2024-03-06', '10:00:00', '2'),
(187, '2024-03-06', '12:00:00', '3'),
(188, '2024-03-06', '14:00:00', '5'),
(189, '2024-03-06', '16:00:00', '10'),
(190, '2024-03-06', '18:00:00', '8'),
(191, '2024-03-06', '20:00:00', '7'),
(192, '2024-03-06', '22:00:00', '9'),
(193, '2024-03-07', '08:00:00', '1'),
(194, '2024-03-07', '10:00:00', '2'),
(195, '2024-03-07', '12:00:00', '3'),
(196, '2024-03-07', '14:00:00', '4'),
(197, '2024-03-07', '16:00:00', '5'),
(198, '2024-03-07', '18:00:00', '6'),
(199, '2024-03-07', '20:00:00', '7'),
(200, '2024-03-07', '22:00:00', '8'),
(201, '2024-03-16', '08:00:00', '3'),
(202, '2024-03-16', '10:00:00', '1'),
(203, '2024-03-16', '12:00:00', '5'),
(204, '2024-03-16', '14:00:00', '4'),
(205, '2024-03-16', '16:00:00', '8'),
(206, '2024-03-16', '18:00:00', '7'),
(207, '2024-03-16', '20:00:00', '9'),
(208, '2024-03-16', '22:00:00', '6'),
(209, '2024-03-17', '08:00:00', '4'),
(210, '2024-03-17', '10:00:00', '2'),
(211, '2024-03-17', '12:00:00', '3'),
(212, '2024-03-17', '14:00:00', '5'),
(213, '2024-03-17', '16:00:00', '9'),
(214, '2024-03-17', '18:00:00', '6'),
(215, '2024-03-17', '20:00:00', '8'),
(216, '2024-03-17', '22:00:00', '7'),
(217, '2024-03-19', '08:00:00', '1'),
(218, '2024-03-19', '10:00:00', '4'),
(219, '2024-03-19', '12:00:00', '2'),
(220, '2024-03-19', '14:00:00', '5'),
(221, '2024-03-19', '16:00:00', '6'),
(222, '2024-03-19', '18:00:00', '9'),
(223, '2024-03-19', '20:00:00', '7'),
(224, '2024-03-19', '22:00:00', '8'),
(225, '2024-03-20', '08:00:00', '2'),
(226, '2024-03-20', '10:00:00', '3'),
(227, '2024-03-20', '12:00:00', '5'),
(228, '2024-03-20', '14:00:00', '1'),
(229, '2024-03-20', '16:00:00', '8'),
(230, '2024-03-20', '18:00:00', '9'),
(231, '2024-03-20', '20:00:00', '6'),
(232, '2024-03-20', '22:00:00', '7'),
(233, '2024-03-21', '08:00:00', '4'),
(234, '2024-03-21', '10:00:00', '2'),
(235, '2024-03-21', '12:00:00', '3'),
(236, '2024-03-21', '14:00:00', '5'),
(237, '2024-03-21', '16:00:00', '10'),
(238, '2024-03-21', '18:00:00', '8'),
(239, '2024-03-21', '20:00:00', '7'),
(240, '2024-03-21', '22:00:00', '9'),
(241, '2024-03-22', '08:00:00', '5'),
(242, '2024-03-22', '10:00:00', '1'),
(243, '2024-03-22', '12:00:00', '4'),
(244, '2024-03-22', '14:00:00', '2'),
(245, '2024-03-22', '16:00:00', '6'),
(246, '2024-03-22', '18:00:00', '7'),
(247, '2024-03-22', '20:00:00', '8'),
(248, '2024-03-22', '22:00:00', '9'),
(249, '2024-03-23', '08:00:00', '3'),
(250, '2024-03-23', '10:00:00', '4'),
(251, '2024-03-23', '12:00:00', '5'),
(252, '2024-03-23', '14:00:00', '1'),
(253, '2024-03-23', '16:00:00', '8'),
(254, '2024-03-23', '18:00:00', '9'),
(255, '2024-03-23', '20:00:00', '6'),
(256, '2024-03-23', '22:00:00', '7'),
(257, '2024-03-24', '08:00:00', '4'),
(258, '2024-03-24', '10:00:00', '2'),
(259, '2024-03-24', '12:00:00', '3'),
(260, '2024-03-24', '14:00:00', '5'),
(261, '2024-03-24', '16:00:00', '10'),
(262, '2024-03-24', '18:00:00', '8'),
(263, '2024-03-24', '20:00:00', '7'),
(264, '2024-03-24', '22:00:00', '9'),
(265, '2024-03-26', '08:00:00', '3'),
(266, '2024-03-26', '10:00:00', '4'),
(267, '2024-03-26', '12:00:00', '5'),
(268, '2024-03-26', '14:00:00', '1'),
(269, '2024-03-26', '16:00:00', '8'),
(270, '2024-03-26', '18:00:00', '9'),
(271, '2024-03-26', '20:00:00', '6'),
(272, '2024-03-26', '22:00:00', '7'),
(273, '2024-03-27', '08:00:00', '4'),
(274, '2024-03-27', '10:00:00', '2'),
(275, '2024-03-27', '12:00:00', '3'),
(276, '2024-03-27', '14:00:00', '5'),
(277, '2024-03-27', '16:00:00', '10'),
(278, '2024-03-27', '18:00:00', '8'),
(279, '2024-03-27', '20:00:00', '7'),
(280, '2024-03-27', '22:00:00', '9'),
(281, '2024-03-28', '08:00:00', '5'),
(282, '2024-03-28', '10:00:00', '1'),
(283, '2024-03-28', '12:00:00', '4'),
(284, '2024-03-28', '14:00:00', '2'),
(285, '2024-03-28', '16:00:00', '6'),
(286, '2024-03-28', '18:00:00', '7'),
(287, '2024-03-28', '20:00:00', '8'),
(288, '2024-03-28', '22:00:00', '9'),
(289, '2024-03-29', '08:00:00', '3'),
(290, '2024-03-29', '10:00:00', '4'),
(291, '2024-03-29', '12:00:00', '5'),
(292, '2024-03-29', '14:00:00', '1'),
(293, '2024-03-29', '16:00:00', '8'),
(294, '2024-03-29', '18:00:00', '9'),
(295, '2024-03-29', '20:00:00', '6'),
(296, '2024-03-29', '22:00:00', '7'),
(297, '2024-04-01', '08:00:00', '2'),
(298, '2024-04-01', '10:00:00', '4'),
(299, '2024-04-01', '12:00:00', '5'),
(300, '2024-04-01', '14:00:00', '1'),
(301, '2024-04-01', '16:00:00', '8'),
(302, '2024-04-01', '18:00:00', '9'),
(303, '2024-04-01', '20:00:00', '6'),
(304, '2024-04-01', '22:00:00', '10'),
(305, '2024-04-08', '08:00:00', '3'),
(306, '2024-04-08', '10:00:00', '1'),
(307, '2024-04-08', '12:00:00', '5'),
(308, '2024-04-08', '14:00:00', '4'),
(309, '2024-04-08', '16:00:00', '8'),
(310, '2024-04-08', '18:00:00', '7'),
(311, '2024-04-08', '20:00:00', '9'),
(312, '2024-04-08', '22:00:00', '6'),
(313, '2024-04-09', '08:00:00', '4'),
(314, '2024-04-09', '10:00:00', '2'),
(315, '2024-04-09', '12:00:00', '3'),
(316, '2024-04-09', '14:00:00', '5'),
(317, '2024-04-09', '16:00:00', '9'),
(318, '2024-04-09', '18:00:00', '6'),
(319, '2024-04-09', '20:00:00', '8'),
(320, '2024-04-09', '22:00:00', '7'),
(321, '2024-04-10', '08:00:00', '1'),
(322, '2024-04-10', '10:00:00', '4'),
(323, '2024-04-10', '12:00:00', '2'),
(324, '2024-04-10', '14:00:00', '5'),
(325, '2024-04-10', '16:00:00', '6'),
(326, '2024-04-10', '18:00:00', '9'),
(327, '2024-04-10', '20:00:00', '7'),
(328, '2024-04-10', '22:00:00', '8'),
(329, '2024-04-05', '08:00:00', '2'),
(330, '2024-04-05', '10:00:00', '3'),
(331, '2024-04-05', '12:00:00', '5'),
(332, '2024-04-05', '14:00:00', '1'),
(333, '2024-04-05', '16:00:00', '8'),
(334, '2024-04-05', '18:00:00', '9'),
(335, '2024-04-05', '20:00:00', '6'),
(336, '2024-04-05', '22:00:00', '7'),
(337, '2024-04-12', '08:00:00', '4'),
(338, '2024-04-12', '10:00:00', '2'),
(339, '2024-04-12', '12:00:00', '3'),
(340, '2024-04-12', '14:00:00', '5'),
(341, '2024-04-12', '16:00:00', '10'),
(342, '2024-04-12', '18:00:00', '8'),
(343, '2024-04-12', '20:00:00', '7'),
(344, '2024-04-12', '22:00:00', '9'),
(345, '2024-04-13', '08:00:00', '5'),
(346, '2024-04-13', '10:00:00', '1'),
(347, '2024-04-13', '12:00:00', '4'),
(348, '2024-04-13', '14:00:00', '2'),
(349, '2024-04-13', '16:00:00', '6'),
(350, '2024-04-13', '18:00:00', '7'),
(351, '2024-04-13', '20:00:00', '8'),
(352, '2024-04-13', '22:00:00', '9'),
(353, '2024-04-03', '08:00:00', '3'),
(354, '2024-04-03', '10:00:00', '4'),
(355, '2024-04-03', '12:00:00', '5'),
(356, '2024-04-03', '14:00:00', '1'),
(357, '2024-04-03', '16:00:00', '8'),
(358, '2024-04-03', '18:00:00', '9'),
(359, '2024-04-03', '20:00:00', '6'),
(360, '2024-04-03', '22:00:00', '7'),
(361, '2024-04-15', '08:00:00', '4'),
(362, '2024-04-15', '10:00:00', '2'),
(363, '2024-04-15', '12:00:00', '3'),
(364, '2024-04-15', '14:00:00', '5'),
(365, '2024-04-15', '16:00:00', '10'),
(366, '2024-04-15', '18:00:00', '8'),
(367, '2024-04-15', '20:00:00', '7'),
(368, '2024-04-15', '22:00:00', '9'),
(369, '2024-04-16', '08:00:00', '5'),
(370, '2024-04-16', '10:00:00', '1'),
(371, '2024-04-16', '12:00:00', '4'),
(372, '2024-04-16', '14:00:00', '2'),
(373, '2024-04-16', '16:00:00', '6'),
(374, '2024-04-16', '18:00:00', '7'),
(375, '2024-04-16', '20:00:00', '8'),
(376, '2024-04-16', '22:00:00', '9'),
(377, '2024-04-04', '08:00:00', '5'),
(378, '2024-04-04', '10:00:00', '1'),
(379, '2024-04-04', '12:00:00', '4'),
(380, '2024-04-04', '14:00:00', '2'),
(381, '2024-04-04', '16:00:00', '6'),
(382, '2024-04-04', '18:00:00', '7'),
(383, '2024-04-04', '20:00:00', '8'),
(384, '2024-04-04', '22:00:00', '9'),
(385, '2024-04-06', '08:00:00', '4'),
(386, '2024-04-06', '10:00:00', '2'),
(387, '2024-04-06', '12:00:00', '3'),
(388, '2024-04-06', '14:00:00', '5'),
(389, '2024-04-06', '16:00:00', '10'),
(390, '2024-04-06', '18:00:00', '8'),
(391, '2024-04-06', '20:00:00', '7'),
(392, '2024-04-06', '22:00:00', '9'),
(393, '2024-04-02', '08:00:00', '1'),
(394, '2024-04-02', '10:00:00', '2'),
(395, '2024-04-02', '12:00:00', '3'),
(396, '2024-04-02', '14:00:00', '4'),
(397, '2024-04-02', '16:00:00', '5'),
(398, '2024-04-02', '18:00:00', '6'),
(399, '2024-04-02', '20:00:00', '7'),
(400, '2024-04-02', '22:00:00', '8'),
(401, '2024-05-16', '08:00:00', '3'),
(402, '2024-05-16', '10:00:00', '1'),
(403, '2024-05-16', '12:00:00', '5'),
(404, '2024-05-16', '14:00:00', '4'),
(405, '2024-05-16', '16:00:00', '8'),
(406, '2024-05-16', '18:00:00', '7'),
(407, '2024-05-16', '20:00:00', '9'),
(408, '2024-05-16', '22:00:00', '6'),
(409, '2024-05-17', '08:00:00', '4'),
(410, '2024-05-17', '10:00:00', '2'),
(411, '2024-05-17', '12:00:00', '3'),
(412, '2024-05-17', '14:00:00', '5'),
(413, '2024-05-17', '16:00:00', '9'),
(414, '2024-05-17', '18:00:00', '6'),
(415, '2024-05-17', '20:00:00', '8'),
(416, '2024-05-17', '22:00:00', '7'),
(417, '2024-05-30', '08:00:00', '1'),
(418, '2024-05-30', '10:00:00', '4'),
(419, '2024-05-30', '12:00:00', '2'),
(420, '2024-05-30', '14:00:00', '5'),
(421, '2024-05-30', '16:00:00', '6'),
(422, '2024-05-30', '18:00:00', '9'),
(423, '2024-05-30', '20:00:00', '7'),
(424, '2024-05-30', '22:00:00', '8'),
(425, '2024-05-20', '08:00:00', '2'),
(426, '2024-05-20', '10:00:00', '3'),
(427, '2024-05-20', '12:00:00', '5'),
(428, '2024-05-20', '14:00:00', '1'),
(429, '2024-05-20', '16:00:00', '8'),
(430, '2024-05-20', '18:00:00', '9'),
(431, '2024-05-20', '20:00:00', '6'),
(432, '2024-05-20', '22:00:00', '7'),
(433, '2024-05-21', '08:00:00', '4'),
(434, '2024-05-21', '10:00:00', '2'),
(435, '2024-05-21', '12:00:00', '3'),
(436, '2024-05-21', '14:00:00', '5'),
(437, '2024-05-21', '16:00:00', '10'),
(438, '2024-05-21', '18:00:00', '8'),
(439, '2024-05-21', '20:00:00', '7'),
(440, '2024-05-21', '22:00:00', '9'),
(441, '2024-05-22', '08:00:00', '5'),
(442, '2024-05-22', '10:00:00', '1'),
(443, '2024-05-22', '12:00:00', '4'),
(444, '2024-05-22', '14:00:00', '2'),
(445, '2024-05-22', '16:00:00', '6'),
(446, '2024-05-22', '18:00:00', '7'),
(447, '2024-05-22', '20:00:00', '8'),
(448, '2024-05-22', '22:00:00', '9'),
(449, '2024-05-23', '08:00:00', '3'),
(450, '2024-05-23', '10:00:00', '4'),
(451, '2024-05-23', '12:00:00', '5'),
(452, '2024-05-23', '14:00:00', '1'),
(453, '2024-05-23', '16:00:00', '8'),
(454, '2024-05-23', '18:00:00', '9'),
(455, '2024-05-23', '20:00:00', '6'),
(456, '2024-05-23', '22:00:00', '7'),
(457, '2024-05-24', '08:00:00', '4'),
(458, '2024-05-24', '10:00:00', '2'),
(459, '2024-05-24', '12:00:00', '3'),
(460, '2024-05-24', '14:00:00', '5'),
(461, '2024-05-24', '16:00:00', '10'),
(462, '2024-05-24', '18:00:00', '8'),
(463, '2024-05-24', '20:00:00', '7'),
(464, '2024-05-24', '22:00:00', '9'),
(465, '2024-05-31', '08:00:00', '3'),
(466, '2024-05-31', '10:00:00', '4'),
(467, '2024-05-31', '12:00:00', '5'),
(468, '2024-05-31', '14:00:00', '1'),
(469, '2024-05-31', '16:00:00', '8'),
(470, '2024-05-31', '18:00:00', '9'),
(471, '2024-05-31', '20:00:00', '6'),
(472, '2024-05-31', '22:00:00', '7'),
(473, '2024-05-27', '08:00:00', '4'),
(474, '2024-05-27', '10:00:00', '2'),
(475, '2024-05-27', '12:00:00', '3'),
(476, '2024-05-27', '14:00:00', '5'),
(477, '2024-05-27', '16:00:00', '10'),
(478, '2024-05-27', '18:00:00', '8'),
(479, '2024-05-27', '20:00:00', '7'),
(480, '2024-05-27', '22:00:00', '9'),
(481, '2024-05-28', '08:00:00', '5'),
(482, '2024-05-28', '10:00:00', '1'),
(483, '2024-05-28', '12:00:00', '4'),
(484, '2024-05-28', '14:00:00', '2'),
(485, '2024-05-28', '16:00:00', '6'),
(486, '2024-05-28', '18:00:00', '7'),
(487, '2024-05-28', '20:00:00', '8'),
(488, '2024-05-28', '22:00:00', '9'),
(489, '2024-05-29', '08:00:00', '3'),
(490, '2024-05-29', '10:00:00', '4'),
(491, '2024-05-29', '12:00:00', '5'),
(492, '2024-05-29', '14:00:00', '1'),
(493, '2024-05-29', '16:00:00', '8'),
(494, '2024-05-29', '18:00:00', '9'),
(495, '2024-05-29', '20:00:00', '6'),
(496, '2024-05-29', '22:00:00', '7'),
(497, '2024-06-01', '08:00:00', '2'),
(498, '2024-06-01', '10:00:00', '4'),
(499, '2024-06-01', '12:00:00', '5'),
(500, '2024-06-01', '14:00:00', '1'),
(501, '2024-06-01', '16:00:00', '8'),
(502, '2024-06-01', '18:00:00', '9'),
(503, '2024-06-01', '20:00:00', '6'),
(504, '2024-06-01', '22:00:00', '10'),
(505, '2024-06-08', '08:00:00', '3'),
(506, '2024-06-08', '10:00:00', '1'),
(507, '2024-06-08', '12:00:00', '5'),
(508, '2024-06-08', '14:00:00', '4'),
(509, '2024-06-08', '16:00:00', '8'),
(510, '2024-06-08', '18:00:00', '7'),
(511, '2024-06-08', '20:00:00', '9'),
(512, '2024-06-08', '22:00:00', '6'),
(513, '2024-06-11', '08:00:00', '4'),
(514, '2024-06-11', '10:00:00', '2'),
(515, '2024-06-11', '12:00:00', '3'),
(516, '2024-06-11', '14:00:00', '5'),
(517, '2024-06-11', '16:00:00', '9'),
(518, '2024-06-11', '18:00:00', '6'),
(519, '2024-06-11', '20:00:00', '8'),
(520, '2024-06-11', '22:00:00', '7'),
(521, '2024-06-10', '08:00:00', '1'),
(522, '2024-06-10', '10:00:00', '4'),
(523, '2024-06-10', '12:00:00', '2'),
(524, '2024-06-10', '14:00:00', '5'),
(525, '2024-06-10', '16:00:00', '6'),
(526, '2024-06-10', '18:00:00', '9'),
(527, '2024-06-10', '20:00:00', '7'),
(528, '2024-06-10', '22:00:00', '8'),
(529, '2024-06-05', '08:00:00', '2'),
(530, '2024-06-05', '10:00:00', '3'),
(531, '2024-06-05', '12:00:00', '5'),
(532, '2024-06-05', '14:00:00', '1'),
(533, '2024-06-05', '16:00:00', '8'),
(534, '2024-06-05', '18:00:00', '9'),
(535, '2024-06-05', '20:00:00', '6'),
(536, '2024-06-05', '22:00:00', '7'),
(537, '2024-06-12', '08:00:00', '4'),
(538, '2024-06-12', '10:00:00', '2'),
(539, '2024-06-12', '12:00:00', '3'),
(540, '2024-06-12', '14:00:00', '5'),
(541, '2024-06-12', '16:00:00', '10'),
(542, '2024-06-12', '18:00:00', '8'),
(543, '2024-06-12', '20:00:00', '7'),
(544, '2024-06-12', '22:00:00', '9'),
(545, '2024-06-13', '08:00:00', '5'),
(546, '2024-06-13', '10:00:00', '1'),
(547, '2024-06-13', '12:00:00', '4'),
(548, '2024-06-13', '14:00:00', '2'),
(549, '2024-06-13', '16:00:00', '6'),
(550, '2024-06-13', '18:00:00', '7'),
(551, '2024-06-13', '20:00:00', '8'),
(552, '2024-06-13', '22:00:00', '9'),
(553, '2024-06-14', '08:00:00', '3'),
(554, '2024-06-14', '10:00:00', '4'),
(555, '2024-06-14', '12:00:00', '5'),
(556, '2024-06-14', '14:00:00', '1'),
(557, '2024-06-14', '16:00:00', '8'),
(558, '2024-06-14', '18:00:00', '9'),
(559, '2024-06-14', '20:00:00', '6'),
(560, '2024-06-14', '22:00:00', '7'),
(561, '2024-06-15', '08:00:00', '4'),
(562, '2024-06-15', '10:00:00', '2'),
(563, '2024-06-15', '12:00:00', '3'),
(564, '2024-06-15', '14:00:00', '5'),
(565, '2024-06-15', '16:00:00', '10'),
(566, '2024-06-15', '18:00:00', '8'),
(567, '2024-06-15', '20:00:00', '7'),
(568, '2024-06-15', '22:00:00', '9'),
(569, '2024-06-18', '08:00:00', '5'),
(570, '2024-06-18', '10:00:00', '1'),
(571, '2024-06-18', '12:00:00', '4'),
(572, '2024-06-18', '14:00:00', '2'),
(573, '2024-06-18', '16:00:00', '6'),
(574, '2024-06-18', '18:00:00', '7'),
(575, '2024-06-18', '20:00:00', '8'),
(576, '2024-06-18', '22:00:00', '9'),
(585, '2024-06-06', '08:00:00', '4'),
(586, '2024-06-06', '10:00:00', '2'),
(587, '2024-06-06', '12:00:00', '3'),
(588, '2024-06-06', '14:00:00', '5'),
(589, '2024-06-06', '16:00:00', '10'),
(590, '2024-06-06', '18:00:00', '8'),
(591, '2024-06-06', '20:00:00', '7'),
(592, '2024-06-06', '22:00:00', '9'),
(593, '2024-06-07', '08:00:00', '1'),
(594, '2024-06-07', '10:00:00', '2'),
(595, '2024-06-07', '12:00:00', '3'),
(596, '2024-06-07', '14:00:00', '4'),
(597, '2024-06-07', '16:00:00', '5'),
(598, '2024-06-07', '18:00:00', '6'),
(599, '2024-06-07', '20:00:00', '7'),
(600, '2024-06-07', '22:00:00', '8'),
(601, '2024-06-18', '08:00:00', '3'),
(602, '2024-06-18', '10:00:00', '1'),
(603, '2024-06-18', '12:00:00', '5'),
(604, '2024-06-18', '14:00:00', '4'),
(605, '2024-06-18', '16:00:00', '8'),
(606, '2024-06-18', '18:00:00', '7'),
(607, '2024-06-18', '20:00:00', '9'),
(608, '2024-06-18', '22:00:00', '6'),
(609, '2024-06-17', '08:00:00', '4'),
(610, '2024-06-17', '10:00:00', '2'),
(611, '2024-06-17', '12:00:00', '3'),
(612, '2024-06-17', '14:00:00', '5'),
(613, '2024-06-17', '16:00:00', '9'),
(614, '2024-06-17', '18:00:00', '6'),
(615, '2024-06-17', '20:00:00', '8'),
(616, '2024-06-17', '22:00:00', '7'),
(617, '2024-06-19', '08:00:00', '1'),
(618, '2024-06-19', '10:00:00', '4'),
(619, '2024-06-19', '12:00:00', '2'),
(620, '2024-06-19', '14:00:00', '5'),
(621, '2024-06-19', '16:00:00', '6'),
(622, '2024-06-19', '18:00:00', '9'),
(623, '2024-06-19', '20:00:00', '7'),
(624, '2024-06-19', '22:00:00', '8'),
(625, '2024-06-20', '08:00:00', '2'),
(626, '2024-06-20', '10:00:00', '3'),
(627, '2024-06-20', '12:00:00', '5'),
(628, '2024-06-20', '14:00:00', '1'),
(629, '2024-06-20', '16:00:00', '8'),
(630, '2024-06-20', '18:00:00', '9'),
(631, '2024-06-20', '20:00:00', '6'),
(632, '2024-06-20', '22:00:00', '7'),
(633, '2024-06-21', '08:00:00', '4'),
(634, '2024-06-21', '10:00:00', '2'),
(635, '2024-06-21', '12:00:00', '3'),
(636, '2024-06-21', '14:00:00', '5'),
(637, '2024-06-21', '16:00:00', '10'),
(638, '2024-06-21', '18:00:00', '8'),
(639, '2024-06-21', '20:00:00', '7'),
(640, '2024-06-21', '22:00:00', '9'),
(641, '2024-06-22', '08:00:00', '5'),
(642, '2024-06-22', '10:00:00', '1'),
(643, '2024-06-22', '12:00:00', '4'),
(644, '2024-06-22', '14:00:00', '2'),
(645, '2024-06-22', '16:00:00', '6'),
(646, '2024-06-22', '18:00:00', '7'),
(647, '2024-06-22', '20:00:00', '8'),
(648, '2024-06-22', '22:00:00', '9'),
(649, '2024-06-23', '08:00:00', '3'),
(650, '2024-06-23', '10:00:00', '4'),
(651, '2024-06-23', '12:00:00', '5'),
(652, '2024-06-23', '14:00:00', '1'),
(653, '2024-06-23', '16:00:00', '8'),
(654, '2024-06-23', '18:00:00', '9'),
(655, '2024-06-23', '20:00:00', '6'),
(656, '2024-06-23', '22:00:00', '7'),
(657, '2024-06-24', '08:00:00', '4'),
(658, '2024-06-24', '10:00:00', '2'),
(659, '2024-06-24', '12:00:00', '3'),
(660, '2024-06-24', '14:00:00', '5'),
(661, '2024-06-24', '16:00:00', '10'),
(662, '2024-06-24', '18:00:00', '8'),
(663, '2024-06-24', '20:00:00', '7'),
(664, '2024-06-24', '22:00:00', '9'),
(665, '2024-06-26', '08:00:00', '3'),
(666, '2024-06-26', '10:00:00', '4'),
(667, '2024-06-26', '12:00:00', '5'),
(668, '2024-06-26', '14:00:00', '1'),
(669, '2024-06-26', '16:00:00', '8'),
(670, '2024-06-26', '18:00:00', '9'),
(671, '2024-06-26', '20:00:00', '6'),
(672, '2024-06-26', '22:00:00', '7'),
(673, '2024-06-27', '08:00:00', '4'),
(674, '2024-06-27', '10:00:00', '2'),
(675, '2024-06-27', '12:00:00', '3'),
(676, '2024-06-27', '14:00:00', '5'),
(677, '2024-06-27', '16:00:00', '10'),
(678, '2024-06-27', '18:00:00', '8'),
(679, '2024-06-27', '20:00:00', '7'),
(680, '2024-06-27', '22:00:00', '9'),
(681, '2024-06-28', '08:00:00', '5'),
(682, '2024-06-28', '10:00:00', '1'),
(683, '2024-06-28', '12:00:00', '4'),
(684, '2024-06-28', '14:00:00', '2'),
(685, '2024-06-28', '16:00:00', '6'),
(686, '2024-06-28', '18:00:00', '7'),
(687, '2024-06-28', '20:00:00', '8'),
(688, '2024-06-28', '22:00:00', '9'),
(689, '2024-06-29', '08:00:00', '3'),
(690, '2024-06-29', '10:00:00', '4'),
(691, '2024-06-29', '12:00:00', '5'),
(692, '2024-06-29', '14:00:00', '1'),
(693, '2024-06-29', '16:00:00', '8'),
(694, '2024-06-29', '18:00:00', '9'),
(695, '2024-06-29', '20:00:00', '6'),
(696, '2024-06-29', '22:00:00', '7'),
(697, '2024-07-01', '08:00:00', '2'),
(698, '2024-07-01', '10:00:00', '4'),
(699, '2024-07-01', '12:00:00', '5'),
(700, '2024-07-01', '14:00:00', '1'),
(701, '2024-07-01', '16:00:00', '8'),
(702, '2024-07-01', '18:00:00', '9'),
(703, '2024-07-01', '20:00:00', '6'),
(704, '2024-07-01', '22:00:00', '10'),
(705, '2024-07-08', '08:00:00', '3'),
(706, '2024-07-08', '10:00:00', '1'),
(707, '2024-07-08', '12:00:00', '5'),
(708, '2024-07-08', '14:00:00', '4'),
(709, '2024-07-08', '16:00:00', '8'),
(710, '2024-07-08', '18:00:00', '7'),
(711, '2024-07-08', '20:00:00', '9'),
(712, '2024-07-08', '22:00:00', '6'),
(713, '2024-07-09', '08:00:00', '4'),
(714, '2024-07-09', '10:00:00', '2'),
(715, '2024-07-09', '12:00:00', '3'),
(716, '2024-07-09', '14:00:00', '5'),
(717, '2024-07-09', '16:00:00', '9'),
(718, '2024-07-09', '18:00:00', '6'),
(719, '2024-07-09', '20:00:00', '8'),
(720, '2024-07-09', '22:00:00', '7'),
(721, '2024-07-10', '08:00:00', '1'),
(722, '2024-07-10', '10:00:00', '4'),
(723, '2024-07-10', '12:00:00', '2'),
(724, '2024-07-10', '14:00:00', '5'),
(725, '2024-07-10', '16:00:00', '6'),
(726, '2024-07-10', '18:00:00', '9'),
(727, '2024-07-10', '20:00:00', '7'),
(728, '2024-07-10', '22:00:00', '8'),
(729, '2024-07-05', '08:00:00', '2'),
(730, '2024-07-05', '10:00:00', '3'),
(731, '2024-07-05', '12:00:00', '5'),
(732, '2024-07-05', '14:00:00', '1'),
(733, '2024-07-05', '16:00:00', '8'),
(734, '2024-07-05', '18:00:00', '9'),
(735, '2024-07-05', '20:00:00', '6'),
(736, '2024-07-05', '22:00:00', '7'),
(737, '2024-07-12', '08:00:00', '4'),
(738, '2024-07-12', '10:00:00', '2'),
(739, '2024-07-12', '12:00:00', '3'),
(740, '2024-07-12', '14:00:00', '5'),
(741, '2024-07-12', '16:00:00', '10'),
(742, '2024-07-12', '18:00:00', '8'),
(743, '2024-07-12', '20:00:00', '7'),
(744, '2024-07-12', '22:00:00', '9'),
(745, '2024-07-13', '08:00:00', '5'),
(746, '2024-07-13', '10:00:00', '1'),
(747, '2024-07-13', '12:00:00', '4'),
(748, '2024-07-13', '14:00:00', '2'),
(749, '2024-07-13', '16:00:00', '6'),
(750, '2024-07-13', '18:00:00', '7'),
(751, '2024-07-13', '20:00:00', '8'),
(752, '2024-07-13', '22:00:00', '9'),
(753, '2024-07-03', '08:00:00', '3'),
(754, '2024-07-03', '10:00:00', '4'),
(755, '2024-07-03', '12:00:00', '5'),
(756, '2024-07-03', '14:00:00', '1'),
(757, '2024-07-03', '16:00:00', '8'),
(758, '2024-07-03', '18:00:00', '9'),
(759, '2024-07-03', '20:00:00', '6'),
(760, '2024-07-03', '22:00:00', '7'),
(761, '2024-07-15', '08:00:00', '4'),
(762, '2024-07-15', '10:00:00', '2'),
(763, '2024-07-15', '12:00:00', '3'),
(764, '2024-07-15', '14:00:00', '5'),
(765, '2024-07-15', '16:00:00', '10'),
(766, '2024-07-15', '18:00:00', '8'),
(767, '2024-07-15', '20:00:00', '7'),
(768, '2024-07-15', '22:00:00', '9'),
(769, '2024-07-16', '08:00:00', '5'),
(770, '2024-07-16', '10:00:00', '1'),
(771, '2024-07-16', '12:00:00', '4'),
(772, '2024-07-16', '14:00:00', '2'),
(773, '2024-07-16', '16:00:00', '6'),
(774, '2024-07-16', '18:00:00', '7'),
(775, '2024-07-16', '20:00:00', '8'),
(776, '2024-07-16', '22:00:00', '9'),
(777, '2024-07-04', '08:00:00', '5'),
(778, '2024-07-04', '10:00:00', '1'),
(779, '2024-07-04', '12:00:00', '4'),
(780, '2024-07-04', '14:00:00', '2'),
(781, '2024-07-04', '16:00:00', '6'),
(782, '2024-07-04', '18:00:00', '7'),
(783, '2024-07-04', '20:00:00', '8'),
(784, '2024-07-04', '22:00:00', '9'),
(785, '2024-07-06', '08:00:00', '4'),
(786, '2024-07-06', '10:00:00', '2'),
(787, '2024-07-06', '12:00:00', '3'),
(788, '2024-07-06', '14:00:00', '5'),
(789, '2024-07-06', '16:00:00', '10'),
(790, '2024-07-06', '18:00:00', '8'),
(791, '2024-07-06', '20:00:00', '7'),
(792, '2024-07-06', '22:00:00', '9'),
(793, '2024-07-02', '08:00:00', '1'),
(794, '2024-07-02', '10:00:00', '2'),
(795, '2024-07-02', '12:00:00', '3'),
(796, '2024-07-02', '14:00:00', '4'),
(797, '2024-07-02', '16:00:00', '5'),
(798, '2024-07-02', '18:00:00', '6'),
(799, '2024-07-02', '20:00:00', '7'),
(800, '2024-07-02', '22:00:00', '8'),
(801, '2024-05-11', '08:00:00', '3'),
(802, '2024-05-11', '10:00:00', '1'),
(803, '2024-05-11', '12:00:00', '5'),
(804, '2024-05-11', '14:00:00', '4'),
(805, '2024-05-11', '16:00:00', '8'),
(806, '2024-05-11', '18:00:00', '7'),
(807, '2024-05-11', '20:00:00', '9'),
(808, '2024-05-11', '22:00:00', '10'),
(809, '2024-05-07', '08:00:00', '3'),
(810, '2024-05-07', '10:00:00', '1'),
(811, '2024-05-07', '12:00:00', '5'),
(812, '2024-05-07', '14:00:00', '4'),
(813, '2024-05-07', '16:00:00', '8'),
(814, '2024-05-07', '18:00:00', '7'),
(815, '2024-05-07', '20:00:00', '9'),
(816, '2024-05-07', '22:00:00', '10'),
(817, '2024-04-30', '08:00:00', '3'),
(818, '2024-04-30', '10:00:00', '1'),
(819, '2024-04-30', '12:00:00', '5'),
(820, '2024-04-30', '14:00:00', '4'),
(821, '2024-04-30', '16:00:00', '8'),
(822, '2024-04-30', '18:00:00', '7'),
(823, '2024-04-30', '20:00:00', '9'),
(824, '2024-04-30', '22:00:00', '10'),
(825, '2024-07-11', '08:00:00', '3'),
(826, '2024-07-11', '10:00:00', '1'),
(827, '2024-07-11', '12:00:00', '5'),
(828, '2024-07-11', '14:00:00', '4'),
(829, '2024-07-11', '16:00:00', '8'),
(830, '2024-07-11', '18:00:00', '7'),
(831, '2024-07-11', '20:00:00', '9'),
(832, '2024-07-11', '22:00:00', '10');

-- --------------------------------------------------------

--
-- Table structure for table `scheduleandprogram`
--

CREATE TABLE `scheduleandprogram` (
  `schedule_scheduleid` decimal(38,0) NOT NULL,
  `program_programid` decimal(38,0) NOT NULL
) ENGINE=InnoDB DEFAULT CHARSET=utf8mb4 COLLATE=utf8mb4_general_ci;

--
-- Dumping data for table `scheduleandprogram`
--

INSERT INTO `scheduleandprogram` (`schedule_scheduleid`, `program_programid`) VALUES
(1, 1),
(2, 2),
(3, 3),
(4, 4),
(5, 5),
(6, 6),
(7, 7),
(8, 8),
(9, 1),
(10, 2),
(11, 3),
(12, 4),
(13, 5),
(14, 6),
(15, 7),
(16, 8),
(17, 1),
(18, 2),
(19, 3),
(20, 4),
(21, 5),
(22, 6),
(23, 7),
(24, 8),
(25, 1),
(26, 2),
(27, 3),
(28, 4),
(29, 5),
(30, 6),
(31, 7),
(32, 8),
(33, 1),
(34, 2),
(35, 3),
(36, 4),
(37, 5),
(38, 6),
(39, 7),
(40, 8),
(41, 1),
(42, 2),
(43, 3),
(44, 4),
(45, 5),
(46, 6),
(47, 7),
(48, 8),
(49, 1),
(50, 2),
(51, 3),
(52, 4),
(53, 5),
(54, 6),
(55, 7),
(56, 8),
(57, 1),
(58, 2),
(59, 3),
(60, 4),
(61, 5),
(62, 6),
(63, 7),
(64, 8),
(65, 1),
(66, 2),
(67, 3),
(68, 4),
(69, 5),
(70, 6),
(71, 7),
(72, 8),
(73, 1),
(74, 2),
(75, 3),
(76, 4),
(77, 5),
(78, 6),
(79, 7),
(80, 8),
(81, 1),
(82, 2),
(83, 3),
(84, 4),
(85, 5),
(86, 6),
(87, 7),
(88, 8),
(89, 1),
(90, 2),
(91, 3),
(92, 4),
(93, 5),
(94, 6),
(95, 7),
(96, 8),
(97, 1),
(98, 2),
(99, 3),
(100, 4),
(101, 5),
(102, 6),
(103, 7),
(104, 8),
(105, 1),
(106, 2),
(107, 3),
(108, 4),
(109, 5),
(110, 6),
(111, 7),
(112, 8),
(113, 1),
(114, 2),
(115, 3),
(116, 4),
(117, 5),
(118, 6),
(119, 7),
(120, 8),
(121, 1),
(122, 2),
(123, 3),
(124, 4),
(125, 5),
(126, 6),
(127, 7),
(128, 8),
(129, 1),
(130, 2),
(131, 3),
(132, 4),
(133, 5),
(134, 6),
(135, 7),
(136, 8),
(137, 1),
(138, 2),
(139, 3),
(140, 4),
(141, 5),
(142, 6),
(143, 7),
(144, 8),
(145, 1),
(146, 2),
(147, 3),
(148, 4),
(149, 5),
(150, 6),
(151, 7),
(152, 8),
(153, 1),
(154, 2),
(155, 3),
(156, 4),
(157, 5),
(158, 6),
(159, 7),
(160, 8),
(161, 1),
(162, 2),
(163, 3),
(164, 4),
(165, 5),
(166, 6),
(167, 7),
(168, 8),
(169, 1),
(170, 2),
(171, 3),
(172, 4),
(173, 5),
(174, 6),
(175, 7),
(176, 8),
(177, 1),
(178, 2),
(179, 3),
(180, 4),
(181, 5),
(182, 6),
(183, 7),
(184, 8),
(185, 1),
(186, 2),
(187, 3),
(188, 4),
(189, 5),
(190, 6),
(191, 7),
(192, 8),
(193, 1),
(194, 2),
(195, 3),
(196, 4),
(197, 5),
(198, 6),
(199, 7),
(200, 8),
(201, 1),
(202, 2),
(203, 3),
(204, 4),
(205, 5),
(206, 6),
(207, 7),
(208, 8),
(209, 1),
(210, 2),
(211, 3),
(212, 4),
(213, 5),
(214, 6),
(215, 7),
(216, 8),
(217, 1),
(218, 2),
(219, 3),
(220, 4),
(221, 5),
(222, 6),
(223, 7),
(224, 8),
(225, 1),
(226, 2),
(227, 3),
(228, 4),
(229, 5),
(230, 6),
(231, 7),
(232, 8),
(233, 1),
(234, 2),
(235, 3),
(236, 4),
(237, 5),
(238, 6),
(239, 7),
(240, 8),
(241, 1),
(242, 2),
(243, 3),
(244, 4),
(245, 5),
(246, 6),
(247, 7),
(248, 8),
(249, 1),
(250, 2),
(251, 3),
(252, 4),
(253, 5),
(254, 6),
(255, 7),
(256, 8),
(257, 1),
(258, 2),
(259, 3),
(260, 4),
(261, 5),
(262, 6),
(263, 7),
(264, 8),
(265, 1),
(266, 2),
(267, 3),
(268, 4),
(269, 5),
(270, 6),
(271, 7),
(272, 8),
(273, 1),
(274, 2),
(275, 3),
(276, 4),
(277, 5),
(278, 6),
(279, 7),
(280, 8),
(281, 1),
(282, 2),
(283, 3),
(284, 4),
(285, 5),
(286, 6),
(287, 7),
(288, 8),
(289, 1),
(290, 2),
(291, 3),
(292, 4),
(293, 5),
(294, 6),
(295, 7),
(296, 8),
(297, 1),
(298, 2),
(299, 3),
(300, 4),
(301, 5),
(302, 6),
(303, 7),
(304, 8),
(305, 1),
(306, 2),
(307, 3),
(308, 4),
(309, 5),
(310, 6),
(311, 7),
(312, 8),
(313, 1),
(314, 2),
(315, 3),
(316, 4),
(317, 5),
(318, 6),
(319, 7),
(320, 8),
(321, 1),
(322, 2),
(323, 3),
(324, 4),
(325, 5),
(326, 6),
(327, 7),
(328, 8),
(329, 1),
(330, 2),
(331, 3),
(332, 4),
(333, 5),
(334, 6),
(335, 7),
(336, 8),
(337, 1),
(338, 2),
(339, 3),
(340, 4),
(341, 5),
(342, 6),
(343, 7),
(344, 8),
(345, 1),
(346, 2),
(347, 3),
(348, 4),
(349, 5),
(350, 6),
(351, 7),
(352, 8),
(353, 1),
(354, 2),
(355, 3),
(356, 4),
(357, 5),
(358, 6),
(359, 7),
(360, 8),
(361, 1),
(362, 2),
(363, 3),
(364, 4),
(365, 5),
(366, 6),
(367, 7),
(368, 8),
(369, 1),
(370, 2),
(371, 3),
(372, 4),
(373, 5),
(374, 6),
(375, 7),
(376, 8),
(377, 1),
(378, 2),
(379, 3),
(380, 4),
(381, 5),
(382, 6),
(383, 7),
(384, 8),
(385, 1),
(386, 2),
(387, 3),
(388, 4),
(389, 5),
(390, 6),
(391, 7),
(392, 8),
(393, 1),
(394, 2),
(395, 3),
(396, 4),
(397, 5),
(398, 6),
(399, 7),
(400, 8),
(801, 1),
(802, 2),
(803, 3),
(804, 4),
(805, 5),
(806, 6),
(807, 7),
(808, 8),
(809, 1),
(810, 2),
(811, 3),
(812, 4),
(813, 5),
(814, 6),
(815, 7),
(816, 8),
(817, 1),
(818, 2),
(819, 3),
(820, 4),
(821, 5),
(822, 6),
(823, 7),
(824, 8),
(825, 1),
(826, 2),
(827, 3),
(828, 4),
(829, 5),
(830, 6),
(831, 7),
(832, 8);

-- --------------------------------------------------------

--
-- Table structure for table `trainer`
--

CREATE TABLE `trainer` (
  `trainerid` varchar(10) NOT NULL,
  `first_name` varchar(50) NOT NULL,
  `last_name` varchar(50) NOT NULL,
  `email` varchar(50) NOT NULL
) ENGINE=InnoDB DEFAULT CHARSET=utf8mb4 COLLATE=utf8mb4_general_ci;

--
-- Dumping data for table `trainer`
--

INSERT INTO `trainer` (`trainerid`, `first_name`, `last_name`, `email`) VALUES
('1', 'Andreas', 'Konstantinou', 'andreas@email.com'),
('10', 'Angeliki', 'Christodoulou', 'angeliki@email.com'),
('2', 'Eleni', 'Papadopoulou', 'eleni@email.com'),
('3', 'Dimitris', 'Nikolaides', 'dimitris@email.com'),
('4', 'Sofia', 'Markopoulou', 'sofia@email.com'),
('5', 'Kostas', 'Karagiannis', 'kostas@email.com'),
('6', 'Maria', 'Anastasiadou', 'maria@email.com'),
('7', 'Panagiotis', 'Papanikolaou', 'panos@email.com'),
('8', 'Aikaterini', 'Lykouretsi', 'katerina@email.com'),
('9', 'Theodosios', 'Kontos', 'theo@email.com');

-- --------------------------------------------------------

--
-- Table structure for table `user`
--

CREATE TABLE `user` (
  `userid` decimal(38,0) NOT NULL,
  `username` varchar(50) NOT NULL,
  `first_name` varchar(50) NOT NULL,
  `last_name` varchar(50) NOT NULL,
  `country` varchar(50) NOT NULL,
  `town` varchar(50) NOT NULL,
  `address` varchar(50) NOT NULL,
  `email` varchar(50) NOT NULL,
  `password` varchar(50) NOT NULL,
  `request_requestid` decimal(38,0) NOT NULL
) ENGINE=InnoDB DEFAULT CHARSET=utf8mb4 COLLATE=utf8mb4_general_ci;

--
-- Dumping data for table `user`
--

INSERT INTO `user` (`userid`, `username`, `first_name`, `last_name`, `country`, `town`, `address`, `email`, `password`, `request_requestid`) VALUES
(1, 'User1', 'Nikolaos', 'Papadopoulos', 'Greece', 'Athens', 'University 12', 'nikos@gmail.com', 'Pass1', 1),
(2, 'User2', 'Maria', 'Karamanli', 'Greece', 'Athens', 'National Defense 45', 'maria@gmail.com', 'Pass2', 2),
(3, 'User3', 'Alexandros', 'Georgiou', 'Greece', 'Athens', 'Kapodistriou Avenue 22', 'alexandros@gmail.com', 'Pass3', 3),
(4, 'User4', 'Eleni', 'Papadopoulou', 'Greece', 'Athens', 'Knossou 15', 'eleni@gmail.com', 'Pass4', 4),
(5, 'User5', 'Giorgos', 'Papadopoulos', 'Greece', 'Athens', 'Mesogeias 7', 'giorgos@gmail.com', 'Pass5', 5),
(6, 'User6', 'Aikaterini', 'Konstantinou', 'Greece', 'Athens', 'Agias Zonis 18', 'aikaterini@gmail.com', 'Pass6', 6);

--
-- Indexes for dumped tables
--

--
-- Indexes for table `administrator`
--
ALTER TABLE `administrator`
  ADD PRIMARY KEY (`adminid`);

--
-- Indexes for table `announcement`
--
ALTER TABLE `announcement`
  ADD PRIMARY KEY (`announceid`),
  ADD KEY `announcement_administrator_fk` (`administrator_adminid`);

--
-- Indexes for table `discount`
--
ALTER TABLE `discount`
  ADD PRIMARY KEY (`discountid`),
  ADD UNIQUE KEY `discount__idx` (`program_programid`),
  ADD KEY `discount_announcement_fk` (`announcement_announceid`);

--
-- Indexes for table `program`
--
ALTER TABLE `program`
  ADD PRIMARY KEY (`programid`);

--
-- Indexes for table `request`
--
ALTER TABLE `request`
  ADD PRIMARY KEY (`requestid`),
  ADD KEY `request_administrator_fk` (`administrator_adminid`);

--
-- Indexes for table `reservation`
--
ALTER TABLE `reservation`
  ADD PRIMARY KEY (`reservid`),
  ADD KEY `reservation_schedule_fk` (`schedule_scheduleid`),
  ADD KEY `reservation_user_fk` (`user_userid`);

--
-- Indexes for table `schedule`
--
ALTER TABLE `schedule`
  ADD PRIMARY KEY (`scheduleid`),
  ADD KEY `schedule_trainer_fk` (`trainer_trainerid`);

--
-- Indexes for table `scheduleandprogram`
--
ALTER TABLE `scheduleandprogram`
  ADD PRIMARY KEY (`schedule_scheduleid`,`program_programid`),
  ADD KEY `scheduleandprogram_program_fk` (`program_programid`);

--
-- Indexes for table `trainer`
--
ALTER TABLE `trainer`
  ADD PRIMARY KEY (`trainerid`);

--
-- Indexes for table `user`
--
ALTER TABLE `user`
  ADD PRIMARY KEY (`userid`),
  ADD UNIQUE KEY `user__idx` (`request_requestid`);

--
-- Constraints for dumped tables
--

--
-- Constraints for table `announcement`
--
ALTER TABLE `announcement`
  ADD CONSTRAINT `announcement_administrator_fk` FOREIGN KEY (`administrator_adminid`) REFERENCES `administrator` (`adminid`);

--
-- Constraints for table `discount`
--
ALTER TABLE `discount`
  ADD CONSTRAINT `discount_announcement_fk` FOREIGN KEY (`announcement_announceid`) REFERENCES `announcement` (`announceid`),
  ADD CONSTRAINT `discount_program_fk` FOREIGN KEY (`program_programid`) REFERENCES `program` (`programid`);

--
-- Constraints for table `request`
--
ALTER TABLE `request`
  ADD CONSTRAINT `request_administrator_fk` FOREIGN KEY (`administrator_adminid`) REFERENCES `administrator` (`adminid`);

--
-- Constraints for table `reservation`
--
ALTER TABLE `reservation`
  ADD CONSTRAINT `reservation_schedule_fk` FOREIGN KEY (`schedule_scheduleid`) REFERENCES `schedule` (`scheduleid`),
  ADD CONSTRAINT `reservation_user_fk` FOREIGN KEY (`user_userid`) REFERENCES `user` (`userid`);

--
-- Constraints for table `schedule`
--
ALTER TABLE `schedule`
  ADD CONSTRAINT `schedule_trainer_fk` FOREIGN KEY (`trainer_trainerid`) REFERENCES `trainer` (`trainerid`);

--
-- Constraints for table `user`
--
ALTER TABLE `user`
  ADD CONSTRAINT `user_request_fk` FOREIGN KEY (`request_requestid`) REFERENCES `request` (`requestid`);
COMMIT;

/*!40101 SET CHARACTER_SET_CLIENT=@OLD_CHARACTER_SET_CLIENT */;
/*!40101 SET CHARACTER_SET_RESULTS=@OLD_CHARACTER_SET_RESULTS */;
/*!40101 SET COLLATION_CONNECTION=@OLD_COLLATION_CONNECTION */;
